init_random_bodies, 0.001
offset_momentum, 0
energy, 0.024
scale_bodies, 0
advance, 0.016
advance, 0.015
advance, 0.012
advance, 0.012
advance, 0.013
advance, 0.013
advance, 0.013
advance, 0.022
advance, 0.01
advance, 0.01
advance, 0.02
advance, 0.001
advance, 0.011
advance, 0.013
advance, 0.031
advance, 0.01
advance, 0.01
advance, 0.02
advance, 0.01
advance, 0.01
advance, 0.01
advance, 0.01
advance, 0.02
advance, 0.01
advance, 0.02
advance, 0.01
advance, 0.01
advance, 0.02
advance, 0.01
advance, 0.02
advance, 0.01
advance, 0.01
advance, 0.01
advance, 0.001
advance, 0.011
advance, 0.025
advance, 0.01
advance, 0.01
advance, 0.01
advance, 0.02
advance, 0.01
advance, 0.01
advance, 0.01
advance, 0.01
advance, 0.01
advance, 0.01
advance, 0.02
advance, 0.01
advance, 0.01
advance, 0.01
advance, 0.01
advance, 0.01
advance, 0.01
advance, 0.02
advance, 0.01
advance, 0.02
advance, 0.01
advance, 0.01
advance, 0.02
advance, 0.01
advance, 0.01
advance, 0.01
advance, 0.01
advance, 0.02
advance, 0.01
advance, 0.01
advance, 0.01
advance, 0.003
advance, 0.013
advance, 0.029
advance, 0.01
advance, 0.01
advance, 0.01
advance, 0.01
advance, 0.02
advance, 0.01
advance, 0.011
advance, 0.005
advance, 0.012
advance, 0.013
advance, 0.025
advance, 0.02
advance, 0.01
advance, 0.01
advance, 0.01
advance, 0.01
advance, 0.02
advance, 0.01
advance, 0.01
advance, 0.01
advance, 0.02
advance, 0.01
advance, 0.01
advance, 0.01
advance, 0.01
advance, 0.02
advance, 0.01
advance, 0.01
advance, 0.01
advance, 0.01
advance, 0.01
advance, 0.001
advance, 0.01
advance, 0.02
advance, 0.01
advance, 0.01
advance, 0.01
advance, 0.01
advance, 0.02
advance, 0.01
advance, 0.01
advance, 0.01
advance, 0.01
advance, 0.01
advance, 0.01
advance, 0.01
advance, 0.01
advance, 0.01
advance, 0.02
advance, 0.01
advance, 0.01
advance, 0.01
advance, 0.01
advance, 0.01
advance, 0.01
advance, 0.01
advance, 0.01
advance, 0.01
advance, 0.01
advance, 0.02
advance, 0.01
advance, 0.01
advance, 0.01
advance, 0.029
advance, 0.02
advance, 0.006
advance, 0.03
advance, 0.01
advance, 0.01
advance, 0.01
advance, 0.01
advance, 0.01
advance, 0.01
advance, 0.01
advance, 0.01
advance, 0.01
advance, 0.02
advance, 0.01
advance, 0.02
advance, 0.01
advance, 0.01
advance, 0.01
advance, 0.02
advance, 0.01
advance, 0.01
advance, 0.01
advance, 0.01
advance, 0.02
advance, 0.01
advance, 0.02
advance, 0.01
advance, 0.01
advance, 0.001
advance, 0.008
advance, 0.021
advance, 0.01
advance, 0.01
advance, 0.02
advance, 0.01
advance, 0.02
advance, 0.01
advance, 0.01
advance, 0.01
advance, 0.01
advance, 0.02
advance, 0.01
advance, 0.01
advance, 0.01
advance, 0.01
advance, 0.02
advance, 0.01
advance, 0.01
advance, 0.01
advance, 0.01
advance, 0.02
advance, 0.01
advance, 0.01
advance, 0.01
advance, 0.01
advance, 0.02
advance, 0.01
advance, 0.01
advance, 0.01
advance, 0.01
advance, 0.01
advance, 0.01
advance, 0.02
advance, 0.001
advance, 0.01
advance, 0.012
advance, 0.013
advance, 0.027
advance, 0.01
advance, 0.01
advance, 0.01
advance, 0.02
advance, 0.01
advance, 0.01
advance, 0.01
advance, 0.01
advance, 0.02
advance, 0.01
advance, 0.01
advance, 0.01
advance, 0.01
advance, 0.02
advance, 0.01
advance, 0.01
advance, 0.01
advance, 0.01
advance, 0.02
advance, 0.01
advance, 0.02
advance, 0.01
advance, 0.01
advance, 0.01
advance, 0.01
advance, 0.01
advance, 0.02
advance, 0.01
advance, 0.01
advance, 0.01
advance, 0.01
advance, 0.003
advance, 0.013
advance, 0.022
advance, 0.01
advance, 0.01
advance, 0.02
advance, 0.01
advance, 0.01
advance, 0.01
advance, 0.01
advance, 0.02
advance, 0.01
advance, 0.01
advance, 0.01
advance, 0.01
advance, 0.02
advance, 0.01
advance, 0.01
advance, 0.01
advance, 0.01
advance, 0.02
advance, 0.01
advance, 0.01
advance, 0.02
advance, 0.01
advance, 0.01
advance, 0.02
advance, 0.01
advance, 0.02
advance, 0.001
advance, 0.01
advance, 0.013
advance, 0.012
advance, 0.01
advance, 0.001
advance, 0.012
advance, 0.013
advance, 0.03
advance, 0.01
advance, 0.01
advance, 0.01
advance, 0.01
advance, 0.02
advance, 0.01
advance, 0.01
advance, 0.01
advance, 0.01
advance, 0.02
advance, 0.01
advance, 0.01
advance, 0.01
advance, 0.01
advance, 0.01
advance, 0.01
advance, 0.01
advance, 0.01
advance, 0.02
advance, 0.01
advance, 0.02
advance, 0.01
advance, 0.01
advance, 0.01
advance, 0.01
advance, 0.02
advance, 0.01
advance, 0.01
advance, 0.01
advance, 0.01
advance, 0.01
advance, 0.001
advance, 0.031
advance, 0.01
advance, 0.02
advance, 0.01
advance, 0.02
advance, 0.01
advance, 0.01
advance, 0.01
advance, 0.01
advance, 0.02
advance, 0.01
advance, 0.01
advance, 0.01
advance, 0.01
advance, 0.02
advance, 0.01
advance, 0.01
advance, 0.01
advance, 0.01
advance, 0.02
advance, 0.01
advance, 0.01
advance, 0.01
advance, 0.01
advance, 0.003
advance, 0.013
advance, 0.028
advance, 0.01
advance, 0.02
advance, 0.01
advance, 0.02
advance, 0.01
advance, 0.01
advance, 0.01
advance, 0.001
advance, 0.012
advance, 0.012
advance, 0.012
advance, 0.01
advance, 0.01
advance, 0.02
advance, 0.01
advance, 0.02
advance, 0.01
advance, 0.01
advance, 0.01
advance, 0.01
advance, 0.01
advance, 0.02
advance, 0.01
advance, 0.01
advance, 0.01
advance, 0.01
advance, 0.02
advance, 0.01
advance, 0.01
advance, 0.01
advance, 0.01
advance, 0.02
advance, 0.01
advance, 0.01
advance, 0.01
advance, 0.02
advance, 0.02
advance, 0.01
advance, 0.01
advance, 0.01
advance, 0.001
advance, 0.013
advance, 0.027
advance, 0.01
advance, 0.01
advance, 0.01
advance, 0.01
advance, 0.01
advance, 0.02
advance, 0.01
advance, 0.01
advance, 0.02
advance, 0.01
advance, 0.01
advance, 0.01
advance, 0.01
advance, 0.02
advance, 0.001
advance, 0.012
advance, 0.012
advance, 0.012
advance, 0.01
advance, 0.01
advance, 0.02
advance, 0.01
advance, 0.01
advance, 0.01
advance, 0.01
advance, 0.01
advance, 0.01
advance, 0.01
advance, 0.01
advance, 0.003
advance, 0.012
advance, 0.029
advance, 0.01
advance, 0.02
advance, 0.01
advance, 0.01
advance, 0.01
advance, 0.01
advance, 0.02
advance, 0.01
advance, 0.01
advance, 0.01
advance, 0.01
advance, 0.02
advance, 0.01
advance, 0.01
advance, 0.01
advance, 0.01
advance, 0.02
advance, 0.01
advance, 0.01
advance, 0.01
advance, 0.01
advance, 0.02
advance, 0.01
advance, 0.01
advance, 0.01
advance, 0.01
advance, 0.02
advance, 0.01
advance, 0.01
advance, 0.01
advance, 0.01
advance, 0.01
advance, 0.001
advance, 0.011
advance, 0.013
advance, 0.021
advance, 0.01
advance, 0.01
advance, 0.02
advance, 0.01
advance, 0.02
advance, 0.01
advance, 0.01
advance, 0.01
advance, 0.01
advance, 0.02
advance, 0.01
advance, 0.01
advance, 0.005
advance, 0.012
advance, 0.026
advance, 0.01
advance, 0.01
advance, 0.01
advance, 0.02
advance, 0.01
advance, 0.01
advance, 0.01
advance, 0.01
advance, 0.02
advance, 0.01
advance, 0.01
advance, 0.01
advance, 0.02
advance, 0.01
advance, 0.02
advance, 0.01
advance, 0.01
advance, 0.004
advance, 0.01
advance, 0.01
advance, 0.02
advance, 0.01
advance, 0.01
advance, 0.01
advance, 0.01
advance, 0.02
advance, 0.01
advance, 0.01
advance, 0.01
advance, 0.01
advance, 0.02
advance, 0.01
advance, 0.01
advance, 0.01
advance, 0.01
advance, 0.02
advance, 0.01
advance, 0.01
advance, 0.01
advance, 0.01
advance, 0.01
advance, 0.02
advance, 0.01
advance, 0.02
advance, 0.01
advance, 0.01
advance, 0.02
advance, 0.01
advance, 0.01
advance, 0.01
advance, 0.01
advance, 0.003
advance, 0.025
advance, 0.01
advance, 0.01
advance, 0.02
advance, 0.01
advance, 0.01
advance, 0.01
advance, 0.01
advance, 0.001
advance, 0.013
advance, 0.024
advance, 0.02
advance, 0.01
advance, 0.01
advance, 0.01
advance, 0.01
advance, 0.02
advance, 0.01
advance, 0.02
advance, 0.01
advance, 0.01
advance, 0.01
advance, 0.01
advance, 0.02
advance, 0.01
advance, 0.01
advance, 0.01
advance, 0.01
advance, 0.02
advance, 0.01
advance, 0.01
advance, 0.01
advance, 0.01
advance, 0.011
advance, 0.007
advance, 0.012
advance, 0.022
advance, 0.01
advance, 0.01
advance, 0.02
advance, 0.01
advance, 0.01
advance, 0.01
advance, 0.01
advance, 0.02
advance, 0.01
advance, 0.01
advance, 0.01
advance, 0.01
advance, 0.02
advance, 0.01
advance, 0.01
advance, 0.01
advance, 0.01
advance, 0.02
advance, 0.01
advance, 0.02
advance, 0.01
advance, 0.01
advance, 0.01
advance, 0.01
advance, 0.02
advance, 0.01
advance, 0.01
advance, 0.01
advance, 0.01
advance, 0.02
advance, 0.01
advance, 0.01
advance, 0.005
advance, 0.013
advance, 0.013
advance, 0.01
advance, 0.01
advance, 0.002
advance, 0.013
advance, 0.012
advance, 0.027
advance, 0.01
advance, 0.02
advance, 0.01
advance, 0.02
advance, 0.01
advance, 0.01
advance, 0.01
advance, 0.01
advance, 0.02
advance, 0.01
advance, 0.01
advance, 0.01
advance, 0.01
advance, 0.02
advance, 0.01
advance, 0.01
advance, 0.01
advance, 0.01
advance, 0.02
advance, 0.01
advance, 0.01
advance, 0.01
advance, 0.01
advance, 0.02
advance, 0.01
advance, 0.01
advance, 0.001
advance, 0.018
advance, 0.01
advance, 0.01
advance, 0.02
advance, 0.01
advance, 0.01
advance, 0.01
advance, 0.01
advance, 0.02
advance, 0.01
advance, 0.01
advance, 0.01
advance, 0.01
advance, 0.01
advance, 0.01
advance, 0.02
advance, 0.01
advance, 0.02
advance, 0.01
advance, 0.01
advance, 0.01
advance, 0.01
advance, 0.02
advance, 0.01
advance, 0.01
advance, 0.01
advance, 0.01
advance, 0.02
advance, 0.01
advance, 0.02
advance, 0.01
advance, 0.02
advance, 0.01
advance, 0.01
advance, 0.001
advance, 0.011
advance, 0.013
advance, 0.012
advance, 0.03
advance, 0.01
advance, 0.01
advance, 0.01
advance, 0.01
advance, 0.02
advance, 0.01
advance, 0.02
advance, 0.01
advance, 0.01
advance, 0.01
advance, 0.02
advance, 0.01
advance, 0.01
advance, 0.01
advance, 0.01
advance, 0.02
advance, 0.01
advance, 0.02
advance, 0.01
advance, 0.01
advance, 0.01
advance, 0.01
advance, 0.02
advance, 0.01
advance, 0.02
advance, 0.01
advance, 0.02
advance, 0.01
advance, 0.01
advance, 0.01
advance, 0.001
advance, 0.012
advance, 0.025
advance, 0.01
advance, 0.01
advance, 0.01
advance, 0.01
advance, 0.01
advance, 0.02
advance, 0.01
advance, 0.01
advance, 0.01
advance, 0.01
advance, 0.01
advance, 0.02
advance, 0.01
advance, 0.02
advance, 0.01
advance, 0.01
advance, 0.01
advance, 0.01
advance, 0.01
advance, 0.01
advance, 0.02
advance, 0.01
advance, 0.01
advance, 0.01
advance, 0.01
advance, 0.01
advance, 0.01
advance, 0.004
advance, 0.012
advance, 0.023
advance, 0.02
advance, 0.001
advance, 0.011
advance, 0.021
advance, 0.01
advance, 0.01
advance, 0.01
advance, 0.01
advance, 0.02
advance, 0.01
advance, 0.01
advance, 0.01
advance, 0.01
advance, 0.02
advance, 0.01
advance, 0.01
advance, 0.01
advance, 0.01
advance, 0.01
advance, 0.01
advance, 0.01
advance, 0.01
advance, 0.01
advance, 0.01
advance, 0.01
advance, 0.01
advance, 0.01
advance, 0.01
advance, 0.02
advance, 0.01
advance, 0.01
advance, 0.01
advance, 0.01
advance, 0.02
advance, 0.001
advance, 0.01
advance, 0.02
advance, 0.01
advance, 0.02
advance, 0.01
advance, 0.01
advance, 0.01
advance, 0.01
advance, 0.02
advance, 0.01
advance, 0.01
advance, 0.01
advance, 0.01
advance, 0.02
advance, 0.01
advance, 0.01
advance, 0.01
advance, 0.01
advance, 0.01
advance, 0.01
advance, 0.02
advance, 0.01
advance, 0.01
advance, 0.01
advance, 0.01
advance, 0.003
advance, 0.013
advance, 0.012
advance, 0.02
advance, 0.01
advance, 0.02
advance, 0.01
advance, 0.01
advance, 0.01
advance, 0.01
advance, 0.002
advance, 0.023
advance, 0.02
advance, 0.01
advance, 0.02
advance, 0.01
advance, 0.01
advance, 0.01
advance, 0.01
advance, 0.02
advance, 0.01
advance, 0.01
advance, 0.01
advance, 0.01
advance, 0.02
advance, 0.01
advance, 0.02
advance, 0.01
advance, 0.01
advance, 0.02
advance, 0.01
advance, 0.02
advance, 0.01
advance, 0.01
advance, 0.01
advance, 0.01
advance, 0.02
advance, 0.01
advance, 0.01
advance, 0.01
advance, 0.01
advance, 0.02
advance, 0.01
advance, 0.011
advance, 0.006
advance, 0.012
advance, 0.013
advance, 0.03
advance, 0.01
advance, 0.01
advance, 0.01
advance, 0.01
advance, 0.02
advance, 0.01
advance, 0.02
advance, 0.01
advance, 0.01
advance, 0.02
advance, 0.01
advance, 0.02
advance, 0.01
advance, 0.01
advance, 0.01
advance, 0.01
advance, 0.02
advance, 0.01
advance, 0.02
advance, 0.01
advance, 0.01
advance, 0.01
advance, 0.01
advance, 0.02
advance, 0.01
advance, 0.01
advance, 0.01
advance, 0.01
advance, 0.01
advance, 0.01
advance, 0.02
advance, 0.01
advance, 0.002
advance, 0.028
advance, 0.01
advance, 0.02
advance, 0.01
advance, 0.01
advance, 0.01
advance, 0.01
advance, 0.02
advance, 0.01
advance, 0.01
advance, 0.01
advance, 0.01
advance, 0.02
advance, 0.01
advance, 0.01
advance, 0.01
advance, 0.01
advance, 0.02
advance, 0.01
advance, 0.01
advance, 0.01
advance, 0.01
advance, 0.02
advance, 0.01
advance, 0.01
advance, 0.01
advance, 0.01
advance, 0.02
advance, 0.001
advance, 0.01
advance, 0.025
advance, 0.01
advance, 0.01
advance, 0.01
advance, 0.011
advance, 0.006
advance, 0.023
advance, 0.01
advance, 0.01
advance, 0.02
advance, 0.01
advance, 0.01
advance, 0.01
advance, 0.01
advance, 0.02
advance, 0.01
advance, 0.01
advance, 0.01
advance, 0.01
advance, 0.02
advance, 0.01
advance, 0.02
advance, 0.01
advance, 0.01
advance, 0.01
advance, 0.01
advance, 0.02
advance, 0.01
advance, 0.02
advance, 0.01
advance, 0.01
advance, 0.01
advance, 0.01
advance, 0.02
advance, 0.01
advance, 0.01
advance, 0.01
advance, 0.01
advance, 0.02
advance, 0.01
advance, 0.001
advance, 0.012
advance, 0.03
advance, 0.01
advance, 0.01
advance, 0.01
advance, 0.01
advance, 0.02
advance, 0.01
advance, 0.01
advance, 0.01
advance, 0.01
advance, 0.02
advance, 0.01
advance, 0.01
advance, 0.01
advance, 0.01
advance, 0.02
advance, 0.01
advance, 0.02
advance, 0.01
advance, 0.01
advance, 0.02
advance, 0.01
advance, 0.011
advance, 0.006
advance, 0.012
advance, 0.013
advance, 0.029
advance, 0.01
advance, 0.01
advance, 0.01
advance, 0.01
advance, 0.02
advance, 0.01
advance, 0.01
advance, 0.004
advance, 0.02
advance, 0.01
advance, 0.01
advance, 0.01
advance, 0.01
advance, 0.02
advance, 0.01
advance, 0.01
advance, 0.01
advance, 0.01
advance, 0.01
advance, 0.01
advance, 0.02
advance, 0.01
advance, 0.02
advance, 0.01
advance, 0.01
advance, 0.01
advance, 0.02
advance, 0.01
advance, 0.01
advance, 0.02
advance, 0.02
advance, 0.01
advance, 0.01
advance, 0.01
advance, 0.01
advance, 0.011
advance, 0.006
advance, 0.013
advance, 0.023
advance, 0.02
advance, 0.01
advance, 0.02
advance, 0.01
advance, 0.02
advance, 0.01
arch_advance, 14.618
scale_bodies, 0
energy, 0
Main, 14.658
