init_random_bodies, 0
offset_momentum, 0
energy, 0.0155999
scale_bodies, 0
advance, 0.0311998
advance, 0.0311998
advance, 0.0155999
advance, 0
advance, 0
advance, 0
advance, 0
advance, 0
advance, 0
advance, 0
advance, 0.0155999
advance, 0.0155999
advance, 0.0155999
advance, 0.0155999
advance, 0.0155999
advance, 0.0155999
advance, 0.0155999
advance, 0.0155999
advance, 0.0155999
advance, 0.0155999
advance, 0.0155999
advance, 0
advance, 0
advance, 0.0155999
advance, 0.0155999
advance, 0.0155999
advance, 0.0155999
advance, 0.0155999
advance, 0.0155999
advance, 0.0155999
advance, 0
advance, 0
advance, 0.0155999
advance, 0.0155999
advance, 0.0155999
advance, 0.0155999
advance, 0.0155999
advance, 0.0155999
advance, 0.0155999
advance, 0
advance, 0
advance, 0.0155999
advance, 0.0155999
advance, 0.0155999
advance, 0.0155999
advance, 0.0155999
advance, 0.0155999
advance, 0.0155999
advance, 0.0155999
advance, 0.0155999
advance, 0.0155999
advance, 0.0155999
advance, 0.0155999
advance, 0.0155999
advance, 0.0155999
advance, 0
advance, 0.0155999
advance, 0.0155999
advance, 0.0155999
advance, 0.0155999
advance, 0
advance, 0
advance, 0.0155999
advance, 0.0155999
advance, 0.0155999
advance, 0
advance, 0
advance, 0
advance, 0
advance, 0
advance, 0.0155999
advance, 0.0155999
advance, 0.0155999
advance, 0.0155999
advance, 0.0155999
advance, 0.0155999
advance, 0
advance, 0.0155999
advance, 0.0155999
advance, 0.0155999
advance, 0.0155999
advance, 0.0155999
advance, 0
advance, 0.0155999
advance, 0.0155999
advance, 0.0155999
advance, 0.0155999
advance, 0
advance, 0.0155999
advance, 0.0155999
advance, 0.0155999
advance, 0.0155999
advance, 0.0155999
advance, 0.0155999
advance, 0.0155999
advance, 0.0155999
advance, 0.0155999
advance, 0
advance, 0
advance, 0.0155999
advance, 0.0155999
advance, 0.0155999
advance, 0.0155999
advance, 0.0155999
advance, 0.0155999
advance, 0.0155999
advance, 0.0155999
advance, 0.0155999
advance, 0.0155999
advance, 0.0155999
advance, 0.0155999
advance, 0.0155999
advance, 0.0155999
advance, 0.0155999
advance, 0.0155999
advance, 0.0155999
advance, 0.0155999
advance, 0
advance, 0
advance, 0
advance, 0.0155999
advance, 0.0155999
advance, 0.0155999
advance, 0.0155999
advance, 0.0155999
advance, 0.0155999
advance, 0.0155999
advance, 0
advance, 0
advance, 0.0155999
advance, 0.0155999
advance, 0.0155999
advance, 0.0155999
advance, 0.0155999
advance, 0.0155999
advance, 0.0155999
advance, 0.0155999
advance, 0.0155999
advance, 0.0155999
advance, 0.0155999
advance, 0.0155999
advance, 0.0155999
advance, 0
advance, 0
advance, 0.0155999
advance, 0.0155999
advance, 0.0155999
advance, 0.0155999
advance, 0.0155999
advance, 0.0155999
advance, 0.0155999
advance, 0.0155999
advance, 0.0155999
advance, 0.0155999
advance, 0.0155999
advance, 0.0155999
advance, 0.0155999
advance, 0.0155999
advance, 0.0155999
advance, 0.0155999
advance, 0.0155999
advance, 0.0155999
advance, 0.0155999
advance, 0.0155999
advance, 0.0155999
advance, 0.0155999
advance, 0.0155999
advance, 0.0155999
advance, 0.0155999
advance, 0.0155999
advance, 0
advance, 0
advance, 0
advance, 0.0155999
advance, 0
advance, 0
advance, 0.0155999
advance, 0.0155999
advance, 0.0155999
advance, 0.0155999
advance, 0
advance, 0.0155999
advance, 0.0155999
advance, 0.0155999
advance, 0.0155999
advance, 0.0155999
advance, 0.0155999
advance, 0.0155999
advance, 0.0155999
advance, 0.0155999
advance, 0
advance, 0
advance, 0.0155999
advance, 0.0155999
advance, 0.0155999
advance, 0
advance, 0
advance, 0.0155999
advance, 0.0155999
advance, 0.0155999
advance, 0.0155999
advance, 0.0155999
advance, 0
advance, 0.0155999
advance, 0.0155999
advance, 0.0155999
advance, 0.0155999
advance, 0
advance, 0.0155999
advance, 0.0155999
advance, 0.0155999
advance, 0
advance, 0.0155999
advance, 0.0155999
advance, 0.0155999
advance, 0.0155999
advance, 0
advance, 0
advance, 0.0155999
advance, 0.0155999
advance, 0.0155999
advance, 0.0155999
advance, 0.0155999
advance, 0.0155999
advance, 0.0155999
advance, 0.0155999
advance, 0
advance, 0
advance, 0
advance, 0.0155999
advance, 0.0155999
advance, 0.0155999
advance, 0.0155999
advance, 0.0155999
advance, 0.0155999
advance, 0.0155999
advance, 0.0155999
advance, 0.0155999
advance, 0
advance, 0.0155999
advance, 0.0155999
advance, 0.0155999
advance, 0.0155999
advance, 0.0155999
advance, 0.0155999
advance, 0.0155999
advance, 0.0155999
advance, 0.0155999
advance, 0.0155999
advance, 0.0155999
advance, 0.0155999
advance, 0
advance, 0
advance, 0.0155999
advance, 0.0155999
advance, 0.0155999
advance, 0.0155999
advance, 0.0155999
advance, 0.0155999
advance, 0.0155999
advance, 0.0155999
advance, 0.0155999
advance, 0
advance, 0
advance, 0.0155999
advance, 0.0155999
advance, 0.0155999
advance, 0.0155999
advance, 0.0155999
advance, 0.0155999
advance, 0.0155999
advance, 0.0155999
advance, 0.0155999
advance, 0.0155999
advance, 0.0155999
advance, 0.0155999
advance, 0.0155999
advance, 0.0155999
advance, 0.0155999
advance, 0.0155999
advance, 0.0155999
advance, 0
advance, 0
advance, 0
advance, 0.0155999
advance, 0.0155999
advance, 0.0155999
advance, 0.0155999
advance, 0.0155999
advance, 0.0155999
advance, 0.0155999
advance, 0.0155999
advance, 0.0155999
advance, 0.0155999
advance, 0.0155999
advance, 0.0155999
advance, 0.0155999
advance, 0.0155999
advance, 0.0155999
advance, 0
advance, 0
advance, 0.0155999
advance, 0.0155999
advance, 0.0155999
advance, 0.0155999
advance, 0.0155999
advance, 0.0155999
advance, 0.0155999
advance, 0.0155999
advance, 0.0155999
advance, 0.0155999
advance, 0.0155999
advance, 0
advance, 0
advance, 0.0155999
advance, 0.0155999
advance, 0.0155999
advance, 0.0155999
advance, 0.0155999
advance, 0.0155999
advance, 0.0155999
advance, 0.0155999
advance, 0.0155999
advance, 0
advance, 0
advance, 0
advance, 0
advance, 0
advance, 0
advance, 0
advance, 0
advance, 0
advance, 0
advance, 0
advance, 0.0155999
advance, 0.0155999
advance, 0.0155999
advance, 0.0155999
advance, 0
advance, 0
advance, 0.0155999
advance, 0.0155999
advance, 0.0155999
advance, 0.0155999
advance, 0.0155999
advance, 0.0155999
advance, 0
advance, 0
advance, 0.0155999
advance, 0.0155999
advance, 0.0155999
advance, 0.0155999
advance, 0.0155999
advance, 0
advance, 0
advance, 0.0155999
advance, 0.0155999
advance, 0.0155999
advance, 0.0155999
advance, 0.0155999
advance, 0.0155999
advance, 0.0155999
advance, 0.0155999
advance, 0.0155999
advance, 0.0155999
advance, 0.0155999
advance, 0.0155999
advance, 0.0155999
advance, 0.0155999
advance, 0.0155999
advance, 0
advance, 0
advance, 0.0155999
advance, 0.0155999
advance, 0.0155999
advance, 0.0155999
advance, 0.0155999
advance, 0.0155999
advance, 0.0155999
advance, 0.0155999
advance, 0.0155999
advance, 0.0155999
advance, 0.0155999
advance, 0.0155999
advance, 0.0155999
advance, 0.0155999
advance, 0.0155999
advance, 0.0155999
advance, 0.0155999
advance, 0.0155999
advance, 0.0155999
advance, 0.0155999
advance, 0.0155999
advance, 0.0155999
advance, 0.0155999
advance, 0.0155999
advance, 0.0155999
advance, 0.0155999
advance, 0.0155999
advance, 0.0155999
advance, 0.0155999
advance, 0.0155999
advance, 0.0155999
advance, 0.0155999
advance, 0.0155999
advance, 0.0155999
advance, 0.0155999
advance, 0.0155999
advance, 0.0155999
advance, 0.0155999
advance, 0.0155999
advance, 0.0155999
advance, 0.0155999
advance, 0.0155999
advance, 0.0155999
advance, 0
advance, 0
advance, 0.0155999
advance, 0.0155999
advance, 0.0155999
advance, 0.0155999
advance, 0
advance, 0.0155999
advance, 0.0155999
advance, 0.0155999
advance, 0.0155999
advance, 0
advance, 0
advance, 0
advance, 0
advance, 0
advance, 0
advance, 0
advance, 0.0155999
advance, 0.0155999
advance, 0.0155999
advance, 0.0155999
advance, 0.0155999
advance, 0.0155999
advance, 0.0155999
advance, 0.0155999
advance, 0
advance, 0
advance, 0.0155999
advance, 0.0155999
advance, 0.0155999
advance, 0.0155999
advance, 0.0155999
advance, 0.0155999
advance, 0.0155999
advance, 0.0155999
advance, 0
advance, 0.0155999
advance, 0
advance, 0
advance, 0
advance, 0.0155999
advance, 0.0155999
advance, 0.0155999
advance, 0.0155999
advance, 0.0155999
advance, 0.0155999
advance, 0.0155999
advance, 0.0155999
advance, 0.0155999
advance, 0.0155999
advance, 0.0155999
advance, 0.0155999
advance, 0.0155999
advance, 0.0155999
advance, 0
advance, 0
advance, 0
advance, 0.0155999
advance, 0.0155999
advance, 0
advance, 0.0155999
advance, 0.0155999
advance, 0.0155999
advance, 0.0155999
advance, 0
advance, 0.0155999
advance, 0.0155999
advance, 0.0155999
advance, 0.0155999
advance, 0.0155999
advance, 0.0155999
advance, 0.0155999
advance, 0.0155999
advance, 0.0155999
advance, 0.0155999
advance, 0.0155999
advance, 0.0155999
advance, 0.0155999
advance, 0.0155999
advance, 0.0155999
advance, 0.0155999
advance, 0.0155999
advance, 0.0155999
advance, 0.0155999
advance, 0.0155999
advance, 0.0155999
advance, 0.0155999
advance, 0.0155999
advance, 0.0155999
advance, 0.0155999
advance, 0.0155999
advance, 0.0155999
advance, 0.0155999
advance, 0.0155999
advance, 0.0155999
advance, 0.0155999
advance, 0
advance, 0.0155999
advance, 0.0155999
advance, 0.0155999
advance, 0.0155999
advance, 0
advance, 0.0155999
advance, 0.0155999
advance, 0
advance, 0.0155999
advance, 0.0155999
advance, 0.0155999
advance, 0
advance, 0
advance, 0.0155999
advance, 0.0155999
advance, 0.0155999
advance, 0.0155999
advance, 0.0155999
advance, 0.0155999
advance, 0.0155999
advance, 0.0155999
advance, 0.0155999
advance, 0.0155999
advance, 0.0155999
advance, 0.0155999
advance, 0.0155999
advance, 0.0155999
advance, 0.0155999
advance, 0.0155999
advance, 0
advance, 0.0155999
advance, 0.0155999
advance, 0.0155999
advance, 0.0155999
advance, 0
advance, 0
advance, 0
advance, 0.0155999
advance, 0.0155999
advance, 0.0155999
advance, 0.0155999
advance, 0.0155999
advance, 0.0155999
advance, 0
advance, 0.0155999
advance, 0.0155999
advance, 0.0155999
advance, 0
advance, 0.0155999
advance, 0
advance, 0.0155999
advance, 0.0155999
advance, 0.0155999
advance, 0
advance, 0.0155999
advance, 0.0155999
advance, 0.0155999
advance, 0.0155999
advance, 0.0155999
advance, 0.0155999
advance, 0.0155999
advance, 0.0155999
advance, 0.0155999
advance, 0.0155999
advance, 0.0155999
advance, 0.0155999
advance, 0.0155999
advance, 0.0155999
advance, 0.0155999
advance, 0.0155999
advance, 0.0155999
advance, 0.0155999
advance, 0.0155999
advance, 0.0155999
advance, 0.0155999
advance, 0.0155999
advance, 0.0155999
advance, 0.0155999
advance, 0.0155999
advance, 0.0155999
advance, 0.0155999
advance, 0.0155999
advance, 0.0155999
advance, 0.0155999
advance, 0.0155999
advance, 0
advance, 0
advance, 0
advance, 0
advance, 0.0155999
advance, 0.0155999
advance, 0.0155999
advance, 0.0155999
advance, 0.0155999
advance, 0.0155999
advance, 0.0155999
advance, 0.0155999
advance, 0.0155999
advance, 0
advance, 0
advance, 0.0155999
advance, 0.0155999
advance, 0.0155999
advance, 0.0155999
advance, 0.0155999
advance, 0.0155999
advance, 0.0155999
advance, 0
advance, 0
advance, 0.0155999
advance, 0.0155999
advance, 0.0155999
advance, 0.0155999
advance, 0.0155999
advance, 0.0155999
advance, 0.0155999
advance, 0
advance, 0
advance, 0.0155999
advance, 0.0155999
advance, 0.0155999
advance, 0.0155999
advance, 0
advance, 0.0155999
advance, 0
advance, 0.0155999
advance, 0
advance, 0.0155999
advance, 0.0155999
advance, 0.0155999
advance, 0
advance, 0.0155999
advance, 0.0155999
advance, 0.0155999
advance, 0.0155999
advance, 0.0155999
advance, 0.0155999
advance, 0.0155999
advance, 0.0155999
advance, 0.0155999
advance, 0.0155999
advance, 0.0155999
advance, 0
advance, 0
advance, 0.0155999
advance, 0.0155999
advance, 0.0155999
advance, 0.0155999
advance, 0.0155999
advance, 0.0155999
advance, 0.0155999
advance, 0.0155999
advance, 0.0155999
advance, 0.0155999
advance, 0.0155999
advance, 0.0155999
advance, 0.0155999
advance, 0.0155999
advance, 0.0155999
advance, 0.0155999
advance, 0.0155999
advance, 0.0155999
advance, 0
advance, 0
advance, 0
advance, 0.0155999
advance, 0.0155999
advance, 0.0155999
advance, 0.0155999
advance, 0
advance, 0
advance, 0.0155999
advance, 0.0155999
advance, 0.0155999
advance, 0
advance, 0.0155999
advance, 0.0155999
advance, 0.0155999
advance, 0.0155999
advance, 0
advance, 0.0155999
advance, 0.0155999
advance, 0
advance, 0.0155999
advance, 0.0155999
advance, 0.0155999
advance, 0.0155999
advance, 0.0155999
advance, 0
advance, 0.0155999
advance, 0.0155999
advance, 0.0155999
advance, 0.0155999
advance, 0.0155999
advance, 0.0155999
advance, 0.0155999
advance, 0.0155999
advance, 0.0155999
advance, 0
advance, 0
advance, 0.0155999
advance, 0.0155999
advance, 0.0155999
advance, 0.0155999
advance, 0.0155999
advance, 0.0155999
advance, 0.0155999
advance, 0
advance, 0
advance, 0.0155999
advance, 0.0155999
advance, 0.0155999
advance, 0.0155999
advance, 0.0155999
advance, 0.0155999
advance, 0.0155999
advance, 0
advance, 0
advance, 0
advance, 0.0311998
advance, 0.0155999
advance, 0.0155999
advance, 0
advance, 0.0155999
advance, 0.0155999
advance, 0.0155999
advance, 0.0155999
advance, 0.0155999
advance, 0.0155999
advance, 0.0155999
advance, 0
advance, 0.0155999
advance, 0
advance, 0
advance, 0
advance, 0
advance, 0.0155999
advance, 0.0155999
advance, 0.0155999
advance, 0.0155999
advance, 0.0155999
advance, 0.0155999
advance, 0.0155999
advance, 0.0155999
advance, 0.0155999
advance, 0.0155999
advance, 0.0155999
advance, 0.0155999
advance, 0.0155999
advance, 0.0155999
advance, 0.0155999
advance, 0.0155999
advance, 0.0155999
advance, 0.0155999
advance, 0.0155999
advance, 0.0155999
advance, 0.0155999
advance, 0.0155999
advance, 0.0155999
advance, 0.0155999
advance, 0.0155999
advance, 0
advance, 0
advance, 0.0155999
advance, 0.0155999
advance, 0.0155999
advance, 0
advance, 0.0155999
advance, 0.0155999
advance, 0.0155999
advance, 0.0155999
advance, 0.0155999
advance, 0
advance, 0.0155999
advance, 0.0155999
advance, 0.0155999
advance, 0.0155999
advance, 0
advance, 0
advance, 0
advance, 0
advance, 0.0155999
advance, 0.0155999
advance, 0.0155999
advance, 0.0155999
advance, 0.0155999
advance, 0.0155999
advance, 0
advance, 0.0155999
advance, 0.0155999
advance, 0.0155999
advance, 0.0155999
advance, 0.0155999
advance, 0.0155999
advance, 0.0155999
advance, 0.0155999
advance, 0.0155999
advance, 0.0155999
advance, 0.0155999
advance, 0.0155999
advance, 0.0155999
advance, 0.0155999
advance, 0.0155999
advance, 0.0155999
advance, 0.0155999
advance, 0.0155999
advance, 0.0155999
advance, 0.0155999
advance, 0.0155999
advance, 0.0155999
advance, 0.0155999
advance, 0.0155999
advance, 0
advance, 0.0155999
advance, 0.0155999
advance, 0.0155999
advance, 0.0155999
advance, 0.0155999
advance, 0.0155999
advance, 0.0155999
advance, 0.0155999
advance, 0.0155999
advance, 0
advance, 0.0155999
advance, 0.0155999
advance, 0.0155999
advance, 0.0155999
advance, 0.0155999
advance, 0.0155999
advance, 0.0155999
advance, 0.0155999
advance, 0
advance, 0
advance, 0
advance, 0.0155999
advance, 0.0155999
advance, 0.0155999
advance, 0.0155999
advance, 0.0155999
advance, 0.0155999
advance, 0.0155999
advance, 0.0155999
advance, 0.0155999
advance, 0.0155999
advance, 0.0155999
advance, 0.0155999
advance, 0.0155999
advance, 0.0155999
advance, 0.0155999
advance, 0.0155999
advance, 0.0155999
advance, 0.0155999
advance, 0.0155999
advance, 0.0155999
advance, 0.0155999
advance, 0.0155999
advance, 0.0155999
advance, 0.0155999
advance, 0.0155999
advance, 0.0155999
advance, 0
advance, 0
advance, 0.0155999
advance, 0.0155999
advance, 0.0155999
advance, 0.0155999
advance, 0
advance, 0
advance, 0.0155999
advance, 0.0155999
advance, 0.0155999
advance, 0
advance, 0
advance, 0.0155999
advance, 0.0155999
advance, 0.0155999
advance, 0.0155999
advance, 0
advance, 0
advance, 0.0155999
advance, 0.0155999
advance, 0.0155999
advance, 0.0155999
advance, 0.0155999
advance, 0.0155999
advance, 0
advance, 0.0155999
advance, 0.0155999
advance, 0
advance, 0.0155999
advance, 0.0155999
advance, 0.0155999
advance, 0.0155999
advance, 0
advance, 0
advance, 0.0155999
advance, 0.0155999
advance, 0.0155999
advance, 0.0155999
advance, 0
advance, 0
advance, 0.0155999
advance, 0.0155999
advance, 0.0155999
advance, 0.0155999
advance, 0.0155999
advance, 0.0155999
advance, 0.0155999
advance, 0.0155999
advance, 0.0155999
advance, 0.0155999
advance, 0
advance, 0.0155999
advance, 0.0155999
advance, 0.0155999
advance, 0.0155999
advance, 0.0155999
advance, 0.0155999
advance, 0.0155999
advance, 0.0155999
advance, 0
advance, 0
advance, 0
advance, 0
advance, 0
advance, 0
advance, 0
advance, 0
advance, 0
advance, 0
advance, 0
advance, 0
advance, 0.0155999
advance, 0.0155999
advance, 0.0155999
advance, 0.0155999
advance, 0.0155999
advance, 0.0155999
advance, 0.0155999
advance, 0.0155999
advance, 0.0155999
advance, 0.0155999
advance, 0.0155999
advance, 0.0155999
advance, 0.0155999
advance, 0.0155999
advance, 0.0155999
advance, 0.0155999
advance, 0.0155999
advance, 0
advance, 0
advance, 0
advance, 0.0155999
advance, 0.0155999
advance, 0.0155999
advance, 0.0155999
advance, 0.0155999
advance, 0.0155999
advance, 0.0155999
advance, 0
advance, 0
advance, 0.0155999
advance, 0.0155999
advance, 0.0155999
advance, 0.0155999
advance, 0.0155999
advance, 0
advance, 0.0155999
advance, 0.0155999
advance, 0
advance, 0
advance, 0.0155999
advance, 0.0155999
advance, 0
advance, 0.0155999
advance, 0.0155999
advance, 0.0155999
advance, 0.0155999
advance, 0.0155999
advance, 0.0155999
advance, 0
advance, 0
advance, 0
advance, 0
advance, 0.0155999
advance, 0.0155999
advance, 0.0155999
arch_advance, 16.4131
scale_bodies, 0
energy, 0
Main, 16.4443
